uporabnik_id,ime,priimek,email,telefon
1,Sergei,McIleen,smcileen0@usatoday.com,567-479-7088
2,Stuart,Caird,scaird1@nationalgeographic.com,330-422-3549
3,Demetrius,Klisch,dklisch2@netscape.com,640-553-5161
4,Bernhard,Binks,bbinks3@paypal.com,430-600-3829
5,Walden,Strowger,wstrowger4@bigcartel.com,969-795-5315
6,Alon,McNeice,amcneice5@cam.ac.uk,589-432-9646
7,Bettina,Glyde,bglyde6@about.com,689-250-8240
8,Corabella,Bacher,cbacher7@spotify.com,344-130-7248
9,Maressa,Chastey,mchastey8@archive.org,683-868-7917
10,Roanna,Chiddy,rchiddy9@archive.org,344-725-3132
11,Elnar,Cackett,ecacketta@cargocollective.com,625-405-4663
12,Dacy,Brewett,dbrewettb@printfriendly.com,656-464-1389
13,Zora,Vasovic,zvasovicc@sciencedirect.com,799-905-5172
14,Celestyn,Whittenbury,cwhittenburyd@privacy.gov.au,789-424-6698
15,Lutero,Hanselmann,lhanselmanne@nbcnews.com,199-566-6662
16,Gray,Jedrys,gjedrysf@google.com.br,165-588-6671
17,Truda,Whillock,twhillockg@sogou.com,768-541-7257
18,Ludvig,Gladwish,lgladwishh@weibo.com,643-719-9260
19,Atlanta,Lisimore,alisimorei@rambler.ru,485-492-1900
20,Carena,Bertomieu,cbertomieuj@creativecommons.org,728-139-1774
21,Hervey,Stoltz,hstoltzk@angelfire.com,392-469-1417
22,Milt,Gagie,mgagiel@google.ca,348-685-2113
23,Lisa,Joskowicz,ljoskowiczm@aboutads.info,147-999-5312
24,Wylma,Cater,wcatern@parallels.com,688-916-7497
25,Elly,Fennelow,efennelowo@ameblo.jp,362-676-5238
26,Desirae,Izachik,dizachikp@moonfruit.com,235-748-4156
27,Brandyn,Kemmish,bkemmishq@forbes.com,234-559-5536
28,Willis,Cassey,wcasseyr@jiathis.com,192-980-1794
29,Laurella,Sjostrom,lsjostroms@xing.com,323-982-3710
30,Meier,Bonick,mbonickt@vimeo.com,292-546-3022
31,Marsiella,Aiskrigg,maiskriggu@apple.com,841-254-2656
32,Jada,Skeeles,jskeelesv@gov.uk,652-275-9949
33,Darya,McDonagh,dmcdonaghw@webnode.com,655-988-0382
34,Gerick,Lardez,glardezx@a8.net,475-873-7835
35,Ira,Hasley,ihasleyy@huffingtonpost.com,538-182-0531
36,Wendie,Borsay,wborsayz@4shared.com,672-450-4160
37,Prudi,Hardy-Piggin,phardypiggin10@seesaa.net,708-290-5688
38,Eldridge,Erik,eerik11@skyrock.com,107-416-0559
39,Sarge,Matevushev,smatevushev12@bandcamp.com,989-993-7898
40,Christoph,Wilcher,cwilcher13@google.it,182-559-9935
41,Gaston,Scoyne,gscoyne14@dailymotion.com,203-301-4001
42,Rozina,Teasdale,rteasdale15@quantcast.com,386-231-0097
43,Geraldine,Damerell,gdamerell16@hugedomains.com,110-475-5465
44,Lionel,Colledge,lcolledge17@miibeian.gov.cn,433-205-9172
45,Ash,Reddin,areddin18@paginegialle.it,400-258-3632
46,Karlie,Hartus,khartus19@tinypic.com,587-856-9977
47,Steven,Cassedy,scassedy1a@chron.com,392-499-3064
48,Dyanne,Benasik,dbenasik1b@google.de,764-292-4820
49,Carlotta,Phebey,cphebey1c@examiner.com,348-969-7048
50,Chuck,Unworth,cunworth1d@unicef.org,290-995-7491
51,Kristel,Pettett,kpettett1e@whitehouse.gov,313-784-2653
52,Chelsy,Munkton,cmunkton1f@slate.com,971-171-9152
53,Adelind,Linder,alinder1g@telegraph.co.uk,350-801-5034
54,Maxy,Rilings,mrilings1h@example.com,707-637-6823
55,Pen,Juszczak,pjuszczak1i@utexas.edu,941-110-7068
56,Denis,Takis,dtakis1j@cargocollective.com,295-423-9396
57,Carolyne,Dand,cdand1k@europa.eu,205-771-6884
58,Eveleen,Shankster,eshankster1l@cbslocal.com,350-519-0849
59,Lily,Simcoe,lsimcoe1m@theglobeandmail.com,594-308-9593
60,Anjanette,Lensch,alensch1n@gov.uk,512-636-0929
61,Denny,Jeannot,djeannot1o@cbc.ca,376-509-8203
62,Esteban,Gillison,egillison1p@deviantart.com,327-318-4805
63,Lissy,Jozef,ljozef1q@yale.edu,994-820-8479
64,Doroteya,Klees,dklees1r@dagondesign.com,472-661-0797
65,Garold,Alanbrooke,galanbrooke1s@jigsy.com,796-147-0745
66,Tracy,Dran,tdran1t@tumblr.com,366-492-7779
67,Brnaby,McWhin,bmcwhin1u@google.ca,641-117-1504
68,Caddric,Canelas,ccanelas1v@chron.com,811-827-1702
69,Kate,Schankel,kschankel1w@miitbeian.gov.cn,114-664-9354
70,Marika,Freer,mfreer1x@utexas.edu,944-364-7925
71,Anderea,Alcide,aalcide1y@examiner.com,349-104-6858
72,Mateo,Befroy,mbefroy1z@usnews.com,693-346-8242
73,Sonny,Aylin,saylin20@wikipedia.org,321-537-1295
74,Rowney,Olensby,rolensby21@freewebs.com,464-448-0202
75,Abdul,Gatehouse,agatehouse22@slashdot.org,890-426-1656
76,Tildie,Maylin,tmaylin23@gravatar.com,797-629-7938
77,Lon,Cable,lcable24@blogs.com,997-477-2943
78,Corrinne,Konmann,ckonmann25@hc360.com,803-456-5678
79,Rachele,Froud,rfroud26@japanpost.jp,571-689-8845
80,Dara,Orrocks,dorrocks27@oracle.com,904-411-1318
81,Karmen,Maffei,kmaffei28@addtoany.com,102-931-6005
82,Alwin,Tellwright,atellwright29@blinklist.com,945-697-8517
83,Sandor,Polye,spolye2a@deliciousdays.com,400-183-3600
84,Andie,Moverley,amoverley2b@abc.net.au,852-218-6175
85,Nikoletta,Hallyburton,nhallyburton2c@wp.com,618-793-6438
86,Finley,Puttergill,fputtergill2d@mayoclinic.com,318-275-1395
87,Udall,Hiner,uhiner2e@timesonline.co.uk,879-171-7304
88,Cindelyn,Blackall,cblackall2f@army.mil,877-749-1875
89,Latisha,Solley,lsolley2g@nih.gov,322-852-0853
90,Maximilianus,Andriuzzi,mandriuzzi2h@gnu.org,428-624-0253
91,Vincenz,Loftus,vloftus2i@redcross.org,260-118-9829
92,Glory,Gaine,ggaine2j@deviantart.com,273-786-5962
93,Lurlene,Justun,ljustun2k@miibeian.gov.cn,485-881-1575
94,Rufe,Measor,rmeasor2l@aol.com,961-840-5104
95,Annis,Bernardoni,abernardoni2m@google.com.au,282-884-7347
96,Fax,Cogger,fcogger2n@linkedin.com,244-949-2833
97,Darnall,Yellowlee,dyellowlee2o@yellowpages.com,164-974-2691
98,Ives,Damiral,idamiral2p@dion.ne.jp,262-925-1440
99,Chrotoem,Start,cstart2q@seesaa.net,304-170-8212
100,Ilsa,Minors,iminors2r@ask.com,281-177-5851
101,Thatch,Isaaksohn,tisaaksohn2s@instagram.com,417-940-9426
102,Dallon,Chidzoy,dchidzoy2t@opera.com,138-440-3834
103,Korney,Broinlich,kbroinlich2u@qq.com,932-961-1447
104,Marci,Stelli,mstelli2v@bbb.org,110-750-2516
105,Lacee,Sherwyn,lsherwyn2w@walmart.com,567-489-5362
106,Loralyn,Momery,lmomery2x@msu.edu,341-883-0042
107,Maje,Strapp,mstrapp2y@google.com.hk,569-804-6975
108,Quincy,Sabberton,qsabberton2z@accuweather.com,774-742-3488
109,Joey,Kubik,jkubik30@discovery.com,824-643-7316
110,Violette,Delcastel,vdelcastel31@businesswire.com,978-953-6973
111,Cobbie,Braunroth,cbraunroth32@marketwatch.com,831-241-5232
112,Jody,Haines,jhaines33@washingtonpost.com,451-336-2936
113,Shayla,Tuffley,stuffley34@amazon.co.jp,734-445-8229
114,Montgomery,Duggan,mduggan35@delicious.com,514-533-8849
115,Weidar,Fussen,wfussen36@123-reg.co.uk,396-952-3892
116,Lyle,Marqyes,lmarqyes37@booking.com,204-100-9551
117,Nola,Leele,nleele38@mediafire.com,702-416-9368
118,Duky,Bertelsen,dbertelsen39@is.gd,205-327-1080
119,Eolande,Tidball,etidball3a@fastcompany.com,257-848-4336
120,Deloria,Spohr,dspohr3b@china.com.cn,680-533-7882
121,Emilee,Catherall,ecatherall3c@aboutads.info,888-489-0026
122,Dimitri,Demchen,ddemchen3d@seattletimes.com,910-905-4909
123,Gus,Applebee,gapplebee3e@earthlink.net,494-195-5221
124,Manny,Falshaw,mfalshaw3f@storify.com,209-815-5617
125,Suellen,Horley,shorley3g@fotki.com,901-193-2484
126,Jamaal,Kaubisch,jkaubisch3h@mit.edu,553-794-0089
127,Mae,Gare,mgare3i@ustream.tv,621-530-1944
128,Maia,Giraudot,mgiraudot3j@domainmarket.com,772-729-8233
129,Chip,Bartomeu,cbartomeu3k@yahoo.co.jp,450-236-8376
130,Kati,Lehr,klehr3l@bloomberg.com,339-623-0348
131,Alfy,Brigstock,abrigstock3m@earthlink.net,489-807-9531
132,Dorine,Lever,dlever3n@ca.gov,609-176-2210
133,Ollie,Juster,ojuster3o@nature.com,726-818-3182
134,Jeramie,Sandys,jsandys3p@dailymail.co.uk,189-188-9581
135,Zaria,Rillstone,zrillstone3q@cbsnews.com,843-162-5680
136,Whittaker,Livoir,wlivoir3r@who.int,872-727-4998
137,Avivah,Skocroft,askocroft3s@ox.ac.uk,966-998-9914
138,Davine,Fricke,dfricke3t@netscape.com,404-600-3867
139,Bernardina,Cliff,bcliff3u@cafepress.com,639-848-3770
140,Jamey,Bandy,jbandy3v@naver.com,672-820-5356
141,Shane,Yair,syair3w@sfgate.com,818-611-3441
142,Teresa,Ashington,tashington3x@mediafire.com,157-294-4553
143,Kissee,Coggan,kcoggan3y@smh.com.au,246-600-6638
144,Ivor,Bithell,ibithell3z@histats.com,576-549-1995
145,Suzette,Elcott,selcott40@nbcnews.com,802-940-2980
146,Gib,Goare,ggoare41@guardian.co.uk,864-880-8455
147,Lydon,Gillean,lgillean42@networkadvertising.org,130-872-7183
148,Emmalynne,Samudio,esamudio43@time.com,505-210-3975
149,Charil,Birds,cbirds44@whitehouse.gov,518-481-6545
150,Joycelin,Bousfield,jbousfield45@yellowbook.com,576-513-9404
151,Fabien,Geistbeck,fgeistbeck46@free.fr,759-279-1130
152,Doria,Oneil,doneil47@nasa.gov,104-690-5557
153,Mari,Hasty,mhasty48@usgs.gov,911-674-0438
154,Talya,Porcher,tporcher49@ocn.ne.jp,620-777-9102
155,Querida,Sumsion,qsumsion4a@dell.com,213-904-8721
156,Luke,Gostling,lgostling4b@nbcnews.com,142-960-6284
157,Gavra,Coley,gcoley4c@quantcast.com,292-548-9010
158,Jacki,McLenahan,jmclenahan4d@domainmarket.com,297-560-9045
159,Oona,Revening,orevening4e@ucoz.com,783-977-7092
160,Georgy,Siemantel,gsiemantel4f@instagram.com,589-101-1730
161,Carlina,Gibbetts,cgibbetts4g@addtoany.com,516-803-4395
162,Nicolette,Umbers,numbers4h@eepurl.com,642-311-7991
163,Merilyn,Lovstrom,mlovstrom4i@deliciousdays.com,607-702-0885
164,Marys,Fouracre,mfouracre4j@cisco.com,496-671-2337
165,Dorolisa,Jacobsen,djacobsen4k@gnu.org,443-669-4564
166,Natala,Chesnut,nchesnut4l@huffingtonpost.com,636-693-9526
167,Teddie,Canepe,tcanepe4m@arstechnica.com,992-310-8416
168,Vasili,Timbrell,vtimbrell4n@samsung.com,206-703-8774
169,Richardo,Southerell,rsoutherell4o@businesswire.com,729-144-8643
170,Jakie,Grout,jgrout4p@naver.com,626-233-2440
171,Hanan,Longea,hlongea4q@senate.gov,561-979-7361
172,Guss,Schiesterl,gschiesterl4r@shutterfly.com,249-844-8860
173,Dagny,Bradberry,dbradberry4s@cargocollective.com,600-700-4108
174,Frazier,Overbury,foverbury4t@webmd.com,609-342-3491
175,Veriee,Iron,viron4u@lulu.com,694-432-2180
176,Justen,Colthard,jcolthard4v@cbsnews.com,585-198-7155
177,Ariel,Avory,aavory4w@bbc.co.uk,934-973-3827
178,Kevin,Cammell,kcammell4x@google.com.au,175-668-9422
179,Marcella,Cuffin,mcuffin4y@weather.com,956-135-3493
180,Weston,Govan,wgovan4z@e-recht24.de,679-634-0389
181,Amalee,Hanney,ahanney50@opensource.org,879-291-6811
182,Lynde,Kharchinski,lkharchinski51@sohu.com,548-282-3622
183,Daron,MacKean,dmackean52@pcworld.com,161-572-6396
184,Joni,Botcherby,jbotcherby53@stumbleupon.com,494-895-3140
185,Janessa,Heliot,jheliot54@google.pl,381-925-7254
186,Alphonse,Licciardo,alicciardo55@multiply.com,892-515-2721
187,Gib,Bruff,gbruff56@sphinn.com,732-742-7053
188,Helenka,Simonett,hsimonett57@meetup.com,883-500-2688
189,Jo ann,Lorence,jlorence58@dyndns.org,334-652-7084
190,Richy,Markushkin,rmarkushkin59@theatlantic.com,997-994-4152
191,Alia,Curm,acurm5a@newsvine.com,315-279-4720
192,Omero,Dorn,odorn5b@biglobe.ne.jp,161-753-0321
193,Klarrisa,Pirouet,kpirouet5c@indiegogo.com,897-906-9886
194,Evangelina,Coneron,econeron5d@yahoo.com,206-864-9031
195,Maddie,Franscioni,mfranscioni5e@amazon.co.jp,770-605-4606
196,Peggy,Pethybridge,ppethybridge5f@angelfire.com,361-517-6707
197,Elianora,Santhouse,esanthouse5g@sciencedaily.com,986-843-9857
198,Marielle,Hundley,mhundley5h@csmonitor.com,702-623-6654
199,Lonnie,Varney,lvarney5i@stumbleupon.com,271-302-2674
200,Maxi,Skeermor,mskeermor5j@wix.com,459-495-7596
201,Gradeigh,Shotter,gshotter5k@deliciousdays.com,329-873-3982
202,Gabriella,O' Mullan,gomullan5l@xinhuanet.com,945-264-6999
203,Christan,Sisnett,csisnett5m@usgs.gov,850-276-5911
204,Aldridge,Lardnar,alardnar5n@unblog.fr,408-449-0473
205,Jessalin,Lavielle,jlavielle5o@weather.com,449-938-4271
206,Theobald,Habershaw,thabershaw5p@europa.eu,534-441-7471
207,Tan,Baselio,tbaselio5q@ning.com,801-830-0541
208,Arielle,Fawlkes,afawlkes5r@hp.com,293-694-1412
209,Maximilianus,Radbourn,mradbourn5s@canalblog.com,408-816-5914
210,Jessey,Pennigar,jpennigar5t@reuters.com,932-908-2334
211,Margit,Wayne,mwayne5u@census.gov,729-606-0700
212,Durant,Hof,dhof5v@flickr.com,430-914-5786
213,Lewiss,Theml,ltheml5w@printfriendly.com,708-497-2440
214,Concordia,Skydall,cskydall5x@csmonitor.com,110-372-3807
215,Fionna,McRill,fmcrill5y@163.com,260-989-4102
216,Nil,Cordrey,ncordrey5z@xing.com,676-228-5523
217,Luisa,McKinnon,lmckinnon60@pbs.org,755-377-1090
218,Bili,Denisovo,bdenisovo61@altervista.org,561-644-2125
219,Odo,Witherdon,owitherdon62@seesaa.net,629-566-1756
220,Guglielma,Garlette,ggarlette63@eventbrite.com,477-379-2432
221,Zak,McKeating,zmckeating64@oaic.gov.au,726-115-3539
222,Julianna,Greensmith,jgreensmith65@illinois.edu,746-719-9547
223,Ian,Fontelles,ifontelles66@123-reg.co.uk,643-834-1625
224,Ripley,Whorton,rwhorton67@uol.com.br,281-676-5467
225,Elle,Tolfrey,etolfrey68@sbwire.com,118-670-1519
226,De witt,Ormesher,dormesher69@unc.edu,678-521-4069
227,Orelle,Woollard,owoollard6a@usda.gov,275-406-6212
228,Suki,Koschke,skoschke6b@springer.com,319-477-5516
229,Ali,MacTerrelly,amacterrelly6c@squidoo.com,935-365-6189
230,Rozella,Washington,rwashington6d@unc.edu,849-239-4832
231,Ive,Wolters,iwolters6e@about.me,929-830-9171
232,Corinna,Jankowski,cjankowski6f@mozilla.org,602-429-5450
233,Barny,Champe,bchampe6g@ebay.com,178-926-1236
234,Christoph,Vayne,cvayne6h@hexun.com,749-830-3340
235,Michele,Conring,mconring6i@4shared.com,920-415-8977
236,Amandi,Caller,acaller6j@springer.com,320-193-3000
237,Elmo,Camelli,ecamelli6k@paypal.com,810-409-1180
238,Kit,Snugg,ksnugg6l@biglobe.ne.jp,867-720-2000
239,Bethina,Blasiak,bblasiak6m@youtube.com,792-314-4016
240,Alice,Duffield,aduffield6n@comsenz.com,964-914-2394
241,Jerrilee,Frosch,jfrosch6o@cnet.com,898-261-3607
242,Angie,Gatman,agatman6p@google.nl,119-760-3749
243,Georgi,Bendtsen,gbendtsen6q@tripadvisor.com,923-845-7690
244,Gertrud,Fallowfield,gfallowfield6r@loc.gov,284-173-5551
245,Robbin,Bister,rbister6s@amazon.co.uk,532-510-3025
246,Vilma,Deverick,vdeverick6t@simplemachines.org,626-797-3679
247,Alisander,Pennaman,apennaman6u@lulu.com,337-667-4871
248,Udall,Wickardt,uwickardt6v@hhs.gov,906-646-8546
249,Sonia,Leif,sleif6w@odnoklassniki.ru,922-567-2843
250,Clem,Hounsom,chounsom6x@comsenz.com,388-334-4980
251,Chandra,Paolazzi,cpaolazzi6y@utexas.edu,127-829-8244
252,Barbey,Brecknall,bbrecknall6z@geocities.com,856-491-1899
253,Henrieta,Leare,hleare70@sciencedirect.com,708-899-2062
254,Carlynne,Fierman,cfierman71@google.com.hk,772-914-2444
255,Albert,Eat,aeat72@bandcamp.com,596-825-6748
256,Mickey,Tedman,mtedman73@posterous.com,273-580-6416
257,Laureen,Carbry,lcarbry74@patch.com,786-457-9664
258,Cesya,Jopke,cjopke75@tiny.cc,132-182-7556
259,Klara,Gamlen,kgamlen76@pagesperso-orange.fr,123-596-1049
260,Trisha,Ghio,tghio77@icio.us,932-783-7498
261,Mira,Chaudron,mchaudron78@soundcloud.com,589-173-5949
262,Eleanora,Petrillo,epetrillo79@oracle.com,308-184-1671
263,Jelene,Atcherley,jatcherley7a@nps.gov,422-190-8274
264,Allis,Websdale,awebsdale7b@bandcamp.com,464-693-9291
265,Nady,Muddle,nmuddle7c@bravesites.com,333-846-4035
266,Rufus,Kleinplac,rkleinplac7d@macromedia.com,672-877-1483
267,Pammi,Sylvester,psylvester7e@ocn.ne.jp,736-810-1681
268,Ulysses,Chappelle,uchappelle7f@addthis.com,566-840-2408
269,Connie,Cassels,ccassels7g@baidu.com,144-534-0250
270,Tomasine,Gogie,tgogie7h@ft.com,982-762-3895
271,Faulkner,Elflain,felflain7i@bizjournals.com,881-467-6035
272,Beau,Brocks,bbrocks7j@hhs.gov,477-570-3371
273,Oralle,Teece,oteece7k@cdbaby.com,567-758-0783
274,Kyla,Burcombe,kburcombe7l@pinterest.com,890-862-6059
275,Elaine,Hatherley,ehatherley7m@paypal.com,793-684-0146
276,Bernadene,Neumann,bneumann7n@tamu.edu,264-994-3213
277,Toby,Blackly,tblackly7o@apache.org,355-915-0155
278,Edouard,Blanchette,eblanchette7p@economist.com,782-543-3218
279,Lorain,Gabbidon,lgabbidon7q@unblog.fr,118-581-4611
280,Stevy,Wrey,swrey7r@newsvine.com,816-861-7571
281,Erina,Matkin,ematkin7s@shop-pro.jp,207-619-9908
282,Lazare,Borrow,lborrow7t@bbc.co.uk,621-843-9965
283,Arv,Jerdein,ajerdein7u@hc360.com,502-839-6647
284,Deeanne,Cunrado,dcunrado7v@qq.com,749-853-3919
285,Elden,Quinn,equinn7w@icio.us,541-345-8818
286,Justinian,Gawith,jgawith7x@businesswire.com,322-770-5516
287,Akim,Bard,abard7y@google.co.uk,923-754-0494
288,Cecil,McLemon,cmclemon7z@home.pl,679-525-2485
289,Lotti,Gerred,lgerred80@disqus.com,642-250-6783
290,Harlene,Raulston,hraulston81@tmall.com,553-658-5436
291,Lyndell,Lunam,llunam82@tamu.edu,856-845-0897
292,Maridel,Duncklee,mduncklee83@phpbb.com,366-283-0222
293,Dorotea,Kevis,dkevis84@tinypic.com,338-931-0439
294,Chelsae,Featley,cfeatley85@usa.gov,629-734-3037
295,Teodora,Hurd,thurd86@howstuffworks.com,430-844-6248
296,Filmer,Pigeon,fpigeon87@macromedia.com,370-144-8832
297,Verina,Brahmer,vbrahmer88@bing.com,743-681-6505
298,Johann,McPolin,jmcpolin89@weibo.com,964-499-0631
299,Lula,Hillborne,lhillborne8a@tripod.com,491-752-8681
300,Lind,MacAdam,lmacadam8b@sciencedirect.com,554-645-2675
301,Tailor,Antoniewski,tantoniewski8c@pen.io,460-941-1038
302,Bryanty,Clawe,bclawe8d@sphinn.com,438-372-3650
303,Pincus,Philcock,pphilcock8e@storify.com,640-850-9674
304,Erica,Melton,emelton8f@wisc.edu,969-782-5105
305,Yolanthe,Blazewski,yblazewski8g@taobao.com,714-376-9955
306,Maisey,Denyagin,mdenyagin8h@answers.com,135-283-8344
307,Mose,Leavesley,mleavesley8i@house.gov,157-839-8524
308,Gabbie,Jewar,gjewar8j@scribd.com,796-354-7712
309,Adria,MacNeilly,amacneilly8k@tinypic.com,219-301-3142
310,Lexie,Tackett,ltackett8l@cdc.gov,806-414-1959
311,Maisie,Bresland,mbresland8m@nifty.com,909-662-3296
312,Maxy,Osgar,mosgar8n@dion.ne.jp,286-758-6589
313,Marielle,Poleykett,mpoleykett8o@telegraph.co.uk,211-542-3784
314,Skippie,Kubasek,skubasek8p@google.co.jp,475-922-9378
315,Cass,Fitzsymon,cfitzsymon8q@goodreads.com,870-386-3130
316,Antonina,Sesser,asesser8r@wikipedia.org,710-901-1916
317,Idette,Candy,icandy8s@ustream.tv,919-883-8089
318,Catriona,Sedgeman,csedgeman8t@nymag.com,101-530-2289
319,Abagail,Schoffler,aschoffler8u@statcounter.com,471-565-6241
320,Ian,Novacek,inovacek8v@senate.gov,732-828-7539
321,Charmaine,Ucceli,cucceli8w@npr.org,378-740-0053
322,Addy,Norsworthy,anorsworthy8x@friendfeed.com,339-986-7500
323,Gibbie,Danilovic,gdanilovic8y@discuz.net,813-650-6415
324,Berky,Hewkin,bhewkin8z@mail.ru,778-607-6682
325,Adrian,McKerlie,amckerlie90@merriam-webster.com,597-967-2535
326,Daniel,Tamblyn,dtamblyn91@redcross.org,462-996-1718
327,Christalle,Esmond,cesmond92@stumbleupon.com,878-123-4373
328,Ruddie,Wahncke,rwahncke93@flickr.com,740-187-9232
329,Sonya,Dishmon,sdishmon94@vimeo.com,645-939-5698
330,Linette,Eastcourt,leastcourt95@delicious.com,337-759-8930
331,Sergio,Pighills,spighills96@hugedomains.com,851-243-0898
332,Gibbie,Adamczyk,gadamczyk97@imdb.com,731-843-7195
333,Sibelle,Cleugher,scleugher98@foxnews.com,533-296-5469
334,Chen,Krzysztofiak,ckrzysztofiak99@independent.co.uk,241-514-9114
335,Graham,Rotter,grotter9a@earthlink.net,127-608-0346
336,Ketti,Maystone,kmaystone9b@sohu.com,841-649-9926
337,Nicolina,Trencher,ntrencher9c@list-manage.com,753-719-2210
338,Chastity,Leebeter,cleebeter9d@webnode.com,357-638-3771
339,Tiffany,Jozefowicz,tjozefowicz9e@so-net.ne.jp,765-220-5946
340,Lydia,Tonkinson,ltonkinson9f@bing.com,310-871-9001
341,Gunner,Holtom,gholtom9g@apache.org,469-525-8951
342,Ivar,Muston,imuston9h@nydailynews.com,996-122-8167
343,Benedicto,Kelberman,bkelberman9i@mysql.com,163-813-1927
344,Waldo,Steffan,wsteffan9j@uol.com.br,375-999-9084
345,Rheta,Baudesson,rbaudesson9k@auda.org.au,677-438-7109
346,Jabez,Rasell,jrasell9l@163.com,419-694-5713
347,Ramonda,Betho,rbetho9m@japanpost.jp,715-367-7907
348,Deloris,De Beauchamp,ddebeauchamp9n@economist.com,867-786-5876
349,Devonne,Absolom,dabsolom9o@google.es,330-235-4999
350,Harrietta,Gateman,hgateman9p@symantec.com,577-864-3174
351,Emmott,Lenglet,elenglet9q@tripadvisor.com,830-731-3996
352,Ainslie,Tommasuzzi,atommasuzzi9r@oaic.gov.au,862-320-9613
353,Paulie,Sadgrove,psadgrove9s@flickr.com,632-888-5967
354,Dexter,Grocott,dgrocott9t@spiegel.de,746-643-3957
355,Albertina,Lawranson,alawranson9u@answers.com,669-452-2665
356,Alissa,Mc Trusty,amctrusty9v@latimes.com,801-405-9569
357,Emmi,Culwen,eculwen9w@biglobe.ne.jp,374-595-0855
358,Norbie,Brunicke,nbrunicke9x@cmu.edu,996-833-5377
359,Cassondra,Bown,cbown9y@ftc.gov,284-738-1839
360,Brigitte,Silcox,bsilcox9z@senate.gov,792-409-1728
361,Ariella,Brantl,abrantla0@nifty.com,541-122-1743
362,Marita,Palmer,mpalmera1@amazon.co.jp,117-669-2119
363,Diana,Illwell,dillwella2@cbsnews.com,883-755-9208
364,Byran,Riedel,briedela3@dyndns.org,806-699-4943
365,Guthrie,Seden,gsedena4@chron.com,899-180-3646
366,Urbano,Eyre,ueyrea5@hatena.ne.jp,173-107-2487
367,Bonny,Royse,broysea6@purevolume.com,503-111-6715
368,Guthrey,Gaitley,ggaitleya7@vistaprint.com,524-967-9381
369,Marve,Bartrum,mbartruma8@google.co.uk,263-852-5563
370,Rochella,Fardon,rfardona9@sourceforge.net,472-595-3151
371,Iain,McKeag,imckeagaa@wikipedia.org,717-131-4711
372,Hattie,Aston,hastonab@hhs.gov,914-912-3975
373,Sharleen,Larner,slarnerac@diigo.com,718-671-0370
374,Joshua,Torrent,jtorrentad@wp.com,994-920-7954
375,Abe,Wickson,awicksonae@sciencedirect.com,846-626-2446
376,Peterus,O'Lennachain,polennachainaf@github.com,228-723-0499
377,Lexi,Wordsley,lwordsleyag@comsenz.com,748-150-3117
378,Mariquilla,Cardoso,mcardosoah@mysql.com,351-839-8924
379,Andonis,Fear,afearai@woothemes.com,913-940-6203
380,Dulcy,Awmack,dawmackaj@sogou.com,212-120-6430
381,Corbett,Bernollet,cbernolletak@elpais.com,855-229-4959
382,Margi,Chasmer,mchasmeral@feedburner.com,147-169-4244
383,Janifer,Delnevo,jdelnevoam@scribd.com,646-763-8010
384,Patsy,Gillam,pgillaman@whitehouse.gov,943-174-3097
385,Marilyn,Serrels,mserrelsao@ameblo.jp,854-235-0014
386,Ilyssa,Mitchiner,imitchinerap@youtube.com,132-660-7583
387,Aleda,Hudless,ahudlessaq@sphinn.com,668-305-7517
388,Hedda,Skrine,hskrinear@google.co.jp,193-874-2310
389,Austin,Yashnov,ayashnovas@yahoo.co.jp,725-902-0851
390,Moritz,Lace,mlaceat@sciencedaily.com,556-583-0099
391,Torry,Emmanuele,temmanueleau@paypal.com,898-190-3900
392,Emylee,Hatliffe,ehatliffeav@weebly.com,317-848-7629
393,Kareem,Lipgens,klipgensaw@shinystat.com,243-103-9375
394,Larisa,Abramowsky,labramowskyax@devhub.com,710-983-1726
395,Humphrey,Wrixon,hwrixonay@hostgator.com,654-544-1169
396,Audra,Guiet,aguietaz@hhs.gov,505-287-8377
397,Harlie,Ninotti,hninottib0@yellowbook.com,813-920-7584
398,Benni,Van,bvanb1@unicef.org,454-466-6432
399,Lorine,Lackner,llacknerb2@studiopress.com,828-775-1303
400,Hattie,Spore,hsporeb3@whitehouse.gov,475-751-2431
401,Adriano,Filpi,afilpib4@hibu.com,682-928-5350
402,Britte,Burchett,bburchettb5@independent.co.uk,383-746-2134
403,Dorolice,Ferenc,dferencb6@constantcontact.com,558-819-7512
404,Bren,Clayhill,bclayhillb7@yale.edu,347-577-4413
405,Kyla,Goodbarne,kgoodbarneb8@51.la,832-879-7735
406,Vannie,Reims,vreimsb9@hubpages.com,713-560-6384
407,Todd,Woodrough,twoodroughba@printfriendly.com,204-925-0891
408,Forrest,Fanti,ffantibb@blog.com,264-677-0262
409,Raina,McNiven,rmcnivenbc@jiathis.com,953-419-6005
410,Shepperd,Swanwick,sswanwickbd@stumbleupon.com,306-108-1423
411,Annabell,Slyme,aslymebe@auda.org.au,326-824-4725
412,Ula,Robion,urobionbf@baidu.com,166-140-4789
413,Beck,Redsull,bredsullbg@webmd.com,268-339-5685
414,Rowan,Mandell,rmandellbh@hao123.com,117-761-5182
415,Eydie,Polly,epollybi@indiatimes.com,374-234-1277
416,Penelopa,Reveland,prevelandbj@1und1.de,665-661-9620
417,Darell,Brackstone,dbrackstonebk@cloudflare.com,798-843-0883
418,Barby,Chaston,bchastonbl@rambler.ru,820-315-6502
419,Luca,Springford,lspringfordbm@yahoo.com,135-636-5369
420,Huntley,Kose,hkosebn@oaic.gov.au,261-373-0881
421,June,Curless,jcurlessbo@cisco.com,494-227-4278
422,Salomon,Brewitt,sbrewittbp@dailymail.co.uk,514-331-8554
423,Reina,Endrighi,rendrighibq@ameblo.jp,181-713-5587
424,Cyndie,Meier,cmeierbr@upenn.edu,773-207-7492
425,Horatius,Lashmar,hlashmarbs@mit.edu,218-562-5601
426,Kalinda,Urquhart,kurquhartbt@tumblr.com,133-735-2980
427,Ondrea,Dover,odoverbu@amazon.de,143-689-7847
428,Freedman,Campbell-Dunlop,fcampbelldunlopbv@nature.com,402-499-4134
429,Netta,Jimes,njimesbw@ucla.edu,760-217-6828
430,Francesca,Pettican,fpetticanbx@diigo.com,930-223-2032
431,Sasha,Khosa,skhosaby@msn.com,910-467-3848
432,Joya,Radki,jradkibz@gravatar.com,376-109-6570
433,Dulcea,Dibbs,ddibbsc0@google.fr,727-282-0527
434,Cullan,Ching,cchingc1@cpanel.net,243-967-9863
435,Dareen,Kornacki,dkornackic2@netscape.com,892-475-0276
436,Jermaine,Gertz,jgertzc3@ihg.com,434-631-1743
437,Valentina,Taverner,vtavernerc4@tmall.com,939-416-0220
438,Ciro,Weson,cwesonc5@indiegogo.com,147-408-6008
439,King,Realph,krealphc6@about.com,599-887-1783
440,Abby,Labusquiere,alabusquierec7@imageshack.us,962-177-0597
441,Sofia,Rosenfelt,srosenfeltc8@abc.net.au,708-687-6456
442,Mallory,Fetter,mfetterc9@taobao.com,322-516-4534
443,Carina,Dowey,cdoweyca@go.com,404-693-3432
444,Godfry,Griston,ggristoncb@gov.uk,871-973-0986
445,Zena,Curror,zcurrorcc@example.com,648-716-9036
446,Vanya,Baxill,vbaxillcd@aboutads.info,609-389-8586
447,Dania,Divver,ddivverce@livejournal.com,761-499-5500
448,Dannel,Alyonov,dalyonovcf@ted.com,319-520-2336
449,Myrtle,Swigger,mswiggercg@hud.gov,585-811-2862
450,Jessy,Hasley,jhasleych@nba.com,103-156-8904
451,Robinetta,Bithell,rbithellci@prnewswire.com,372-427-1065
452,Karlens,Thonason,kthonasoncj@t.co,254-376-7619
453,Town,Heap,theapck@wordpress.org,583-454-3611
454,Orly,von Nassau,ovonnassaucl@ucoz.ru,771-137-6416
455,Eden,Meagh,emeaghcm@arstechnica.com,522-880-4974
456,Ladonna,Larmouth,llarmouthcn@bing.com,347-906-3406
457,Chariot,Lewis,clewisco@youku.com,192-604-6450
458,Indira,Idill,iidillcp@fotki.com,478-606-9545
459,Cassondra,Pooke,cpookecq@bravesites.com,743-984-4333
460,Krystal,Tattershaw,ktattershawcr@geocities.com,168-313-9564
461,Bendite,Stanhope,bstanhopecs@army.mil,691-253-9432
462,Harp,Getsham,hgetshamct@arstechnica.com,815-550-0850
463,Roderich,Delacroux,rdelacrouxcu@wunderground.com,809-856-1929
464,Gabe,Keasy,gkeasycv@opera.com,402-893-7697
465,Betti,Juckes,bjuckescw@pcworld.com,596-534-3022
466,Linn,Jantot,ljantotcx@mlb.com,341-658-3282
467,Nathanael,Atty,nattycy@baidu.com,223-148-4530
468,Kaia,Tolussi,ktolussicz@hibu.com,998-882-4768
469,Daniela,Dawbury,ddawburyd0@dion.ne.jp,777-478-6403
470,Carlynne,McGahy,cmcgahyd1@utexas.edu,249-646-8227
471,Brandyn,Fallens,bfallensd2@wikipedia.org,895-914-0954
472,Lenka,Champneys,lchampneysd3@hugedomains.com,675-194-3641
473,Yolane,Rossey,yrosseyd4@a8.net,303-839-4068
474,Hilliard,McAlinden,hmcalindend5@fotki.com,360-564-5252
475,Matty,Langwade,mlangwaded6@si.edu,291-212-4205
476,Letizia,Herety,lheretyd7@hugedomains.com,100-919-9370
477,Ardene,Churchouse,achurchoused8@dailymail.co.uk,870-583-4199
478,Waverley,Morecomb,wmorecombd9@mozilla.com,804-783-9479
479,Tucky,Spray,tsprayda@oakley.com,415-924-5561
480,Tuesday,Westraw,twestrawdb@xing.com,245-445-9429
481,Lucais,Honsch,lhonschdc@hc360.com,592-564-6692
482,Liesa,Strute,lstrutedd@tuttocitta.it,830-479-5524
483,Bing,Dodsley,bdodsleyde@instagram.com,720-959-6019
484,Em,Imison,eimisondf@technorati.com,412-482-2340
485,Sigfrid,Jewis,sjewisdg@hao123.com,531-787-3227
486,Cesya,Edmonds,cedmondsdh@stanford.edu,686-367-6209
487,Alissa,Chislett,achislettdi@addtoany.com,965-838-2994
488,Roslyn,Shelford,rshelforddj@hao123.com,782-640-9201
489,Riane,Andrivot,randrivotdk@unicef.org,286-309-4980
490,Barron,Scoles,bscolesdl@paypal.com,691-725-5302
491,Aloise,Andrat,aandratdm@cdc.gov,617-166-9607
492,Annabell,Catherine,acatherinedn@tripadvisor.com,182-766-1183
493,Tracey,Tant,ttantdo@youtube.com,208-600-7500
494,Leshia,Huzzay,lhuzzaydp@google.com,490-975-9420
495,Karoline,Callcott,kcallcottdq@ameblo.jp,274-414-2372
496,Estevan,Greville,egrevilledr@uol.com.br,774-101-7446
497,Emmalynn,Ovid,eovidds@simplemachines.org,284-265-4384
498,Liliane,Leppard,llepparddt@shop-pro.jp,921-302-2722
499,Leroi,Maydwell,lmaydwelldu@cnn.com,832-651-3930
500,Dewey,Annetts,dannettsdv@unc.edu,674-130-6659
501,Hubert,Cluett,hcluettdw@freewebs.com,921-396-2369
502,Margaret,Clitsome,mclitsomedx@samsung.com,312-413-9264
503,Cris,Sawdy,csawdydy@t.co,155-508-9163
504,Theda,Iliffe,tiliffedz@alibaba.com,823-973-9503
505,Aubree,Lamblin,alambline0@issuu.com,118-900-8103
506,Greer,Lonie,gloniee1@cnbc.com,623-996-2042
507,Garret,Hanlon,ghanlone2@who.int,861-564-1222
508,Gretchen,Charette,gcharettee3@examiner.com,935-260-6307
509,Donalt,Czajkowska,dczajkowskae4@hhs.gov,782-351-1553
510,Bernarr,Brammer,bbrammere5@hhs.gov,895-644-7673
511,Nariko,Mitchinson,nmitchinsone6@si.edu,401-199-0621
512,Deck,Thurske,dthurskee7@multiply.com,706-323-3316
513,Cristie,Juza,cjuzae8@linkedin.com,780-504-3439
514,Laney,Infante,linfantee9@imageshack.us,652-107-4643
515,Gerti,Brickhill,gbrickhillea@facebook.com,896-460-5441
516,Eugen,Cast,ecasteb@dropbox.com,568-271-5588
517,Jerrine,Kurten,jkurtenec@sohu.com,407-680-0987
518,Cindi,Mudd,cmudded@godaddy.com,598-639-9365
519,Dorisa,Swatland,dswatlandee@yellowbook.com,533-870-2206
520,Caralie,Khalid,ckhalidef@ning.com,903-750-4165
521,Kilian,Nern,knerneg@discovery.com,750-602-2023
522,Florance,Dupre,fdupreeh@reference.com,653-631-1141
523,Evelina,Mathieu,emathieuei@webmd.com,101-737-7182
524,Lari,Ofen,lofenej@prnewswire.com,704-434-5954
525,Marjie,Arnold,marnoldek@histats.com,652-305-3346
526,Quinton,Pellingar,qpellingarel@globo.com,635-791-5689
527,Dickie,Legg,dleggem@istockphoto.com,410-882-2460
528,Sol,Murray,smurrayen@uol.com.br,643-816-5171
529,Clare,Wagstaffe,cwagstaffeeo@washington.edu,768-466-4796
530,Adham,Rawsen,arawsenep@yale.edu,139-685-0283
531,Billie,Wernham,bwernhameq@t.co,415-873-5594
532,Kristoforo,Axon,kaxoner@msu.edu,976-920-4314
533,Cosetta,Cobden,ccobdenes@mapquest.com,108-112-5895
534,Caleb,Guyonnet,cguyonnetet@cargocollective.com,843-606-4687
535,Ransell,Perryman,rperrymaneu@unicef.org,806-595-7117
536,Arlena,Clendening,aclendeningev@bloglines.com,983-438-2658
537,Dre,Cureton,dcuretonew@163.com,790-158-2169
538,Hilary,Ravenscroft,hravenscroftex@scribd.com,348-572-6786
539,Roz,Fasset,rfassetey@state.tx.us,508-443-1136
540,Zola,Corns,zcornsez@github.io,800-996-2304
541,Charlton,Klicher,cklicherf0@mediafire.com,404-252-8813
542,Lenna,Prebble,lprebblef1@deviantart.com,493-513-0582
543,Ibrahim,Brandle,ibrandlef2@washingtonpost.com,122-608-0586
544,Basilius,Abrashkin,babrashkinf3@state.tx.us,866-370-7128
545,Adel,Gidney,agidneyf4@goodreads.com,315-873-9701
546,Dolf,Lightbody,dlightbodyf5@bloglovin.com,601-509-6803
547,Devina,Trustey,dtrusteyf6@quantcast.com,401-699-3715
548,Hamnet,Drissell,hdrissellf7@state.tx.us,879-761-3123
549,Mariejeanne,Fratson,mfratsonf8@google.co.jp,942-532-3178
550,Dani,Sargent,dsargentf9@weather.com,646-788-1917
551,Sheba,Scone,ssconefa@zimbio.com,546-783-8679
552,Cord,Harrald,charraldfb@ifeng.com,418-589-9902
553,Heath,Kivelhan,hkivelhanfc@unblog.fr,646-947-4316
554,Payton,MacBey,pmacbeyfd@oaic.gov.au,246-431-9330
555,Arleta,Quinnelly,aquinnellyfe@yellowbook.com,595-577-4703
556,Bat,Ashard,bashardff@ning.com,393-434-8988
557,Tallia,Braban,tbrabanfg@cdbaby.com,442-706-5176
558,Debera,Wrathmell,dwrathmellfh@google.com.au,203-740-5371
559,Talyah,Sheerin,tsheerinfi@gnu.org,657-598-0846
560,Melisa,Kesey,mkeseyfj@cisco.com,246-775-9901
561,Angelita,Pocke,apockefk@msn.com,598-663-0881
562,Berna,Randall,brandallfl@ow.ly,757-245-6200
563,Elysha,Iacofo,eiacofofm@seattletimes.com,237-243-4289
564,Norri,Rodgman,nrodgmanfn@timesonline.co.uk,348-940-3669
565,Cristin,Ruddock,cruddockfo@blogtalkradio.com,123-890-6451
566,Adey,Peasee,apeaseefp@ftc.gov,841-787-0408
567,Tonya,Cannan,tcannanfq@google.ru,908-839-5999
568,Chandra,Cruickshanks,ccruickshanksfr@miitbeian.gov.cn,355-732-3693
569,Aleece,Permain,apermainfs@dmoz.org,370-625-6540
570,Nealy,Marchi,nmarchift@geocities.com,335-310-6742
571,Halsy,Yancey,hyanceyfu@pen.io,809-827-2541
572,Brett,Royston,broystonfv@oracle.com,368-482-4317
573,Birdie,Giacomoni,bgiacomonifw@issuu.com,444-982-2511
574,Eliot,Dunphie,edunphiefx@usa.gov,667-814-8899
575,Goldie,Treversh,gtrevershfy@csmonitor.com,282-101-5374
576,Herman,Bradburn,hbradburnfz@reverbnation.com,389-625-7652
577,Inna,Coultas,icoultasg0@webeden.co.uk,504-643-1543
578,Bette-ann,Lardeur,blardeurg1@ning.com,389-399-1581
579,Sabrina,Wellman,swellmang2@arizona.edu,418-110-8861
580,Cristiano,Tincey,ctinceyg3@wordpress.com,348-145-5919
581,Agneta,Edwick,aedwickg4@google.pl,248-800-4859
582,Denny,Piel,dpielg5@blogtalkradio.com,450-943-3471
583,Vina,O'Carmody,vocarmodyg6@google.nl,168-229-8527
584,Dwight,Majury,dmajuryg7@feedburner.com,260-290-4109
585,Francisco,Ceaser,fceaserg8@wikispaces.com,107-102-3659
586,Etienne,Baptista,ebaptistag9@blog.com,735-981-6946
587,Marjory,Crocetti,mcrocettiga@sogou.com,474-909-8178
588,Dickie,Caldayrou,dcaldayrougb@eepurl.com,621-875-7495
589,Stan,Epton,septongc@home.pl,886-501-8249
590,Hermione,Anshell,hanshellgd@amazon.com,267-139-9620
591,Ardene,Creaney,acreaneyge@engadget.com,985-810-7773
592,Eugine,Hamnet,ehamnetgf@miibeian.gov.cn,472-228-9236
593,Georgeanne,Dow,gdowgg@weibo.com,789-913-4978
594,Bonny,Chuter,bchutergh@instagram.com,648-855-7873
595,Larissa,Kleiser,lkleisergi@mac.com,223-879-7675
596,Aylmer,Kemmer,akemmergj@mlb.com,156-275-0154
597,Valentijn,Sadd,vsaddgk@google.nl,764-298-3898
598,Jessika,Nel,jnelgl@wikimedia.org,344-502-5201
599,Kerry,Labin,klabingm@ow.ly,561-425-2549
600,Otto,Pigott,opigottgn@sciencedirect.com,407-660-5128
601,Jourdain,Tremonte,jtremontego@hc360.com,586-572-4721
602,Allx,Ayliffe,aayliffegp@mozilla.com,438-370-4991
603,Stern,Matitiaho,smatitiahogq@digg.com,143-323-7509
604,Jermaine,L'Homme,jlhommegr@bloglines.com,411-460-5839
605,Constanta,Degoey,cdegoeygs@java.com,553-452-7804
606,Ilse,Lowther,ilowthergt@tmall.com,449-682-5432
607,Vivian,Lanigan,vlanigangu@exblog.jp,520-930-3410
608,Denver,Smullin,dsmullingv@google.ca,820-816-4674
609,Gerrie,Geist,ggeistgw@webnode.com,538-189-7112
610,Corinna,Figura,cfiguragx@forbes.com,134-905-5574
611,Ree,Saladino,rsaladinogy@japanpost.jp,428-190-0560
612,Nyssa,Juszczak,njuszczakgz@paypal.com,449-427-3138
613,Christophe,Critch,ccritchh0@tinypic.com,868-158-4048
614,Ilsa,Collinette,icollinetteh1@so-net.ne.jp,552-616-0600
615,Mirelle,Deetlefs,mdeetlefsh2@japanpost.jp,692-903-8233
616,Konrad,Speke,kspekeh3@comcast.net,957-774-4102
617,Kristine,Theriot,ktherioth4@columbia.edu,682-260-0714
618,Estrella,Isley,eisleyh5@independent.co.uk,798-845-0175
619,Sabra,Tuohy,stuohyh6@sciencedaily.com,432-490-6043
620,Claudia,Gravener,cgravenerh7@blinklist.com,469-411-2038
621,Wilow,Learmouth,wlearmouthh8@flickr.com,451-149-9557
622,Alick,Duffie,aduffieh9@macromedia.com,718-979-3882
623,Bord,Matyugin,bmatyuginha@chronoengine.com,319-164-2677
624,Penelopa,Bruhnsen,pbruhnsenhb@ebay.com,508-914-7478
625,Gloriana,Cornewell,gcornewellhc@sfgate.com,604-595-4676
626,Sidney,Paffitt,spaffitthd@google.com.au,325-659-3092
627,Tiena,Compton,tcomptonhe@trellian.com,444-160-6662
628,Jonathon,Moffat,jmoffathf@sbwire.com,417-117-0469
629,Camey,Mosedale,cmosedalehg@pcworld.com,577-659-8653
630,Ava,Llewellen,allewellenhh@indiatimes.com,763-239-3492
631,Arvin,Grzegorzewski,agrzegorzewskihi@prnewswire.com,165-520-1742
632,Ricky,Marini,rmarinihj@example.com,604-890-7384
633,Kristel,Yurtsev,kyurtsevhk@smh.com.au,708-534-4903
634,Rubetta,Hercules,rherculeshl@sourceforge.net,607-942-5988
635,Bronnie,Martinello,bmartinellohm@fema.gov,272-914-0456
636,Hartley,Chazette,hchazettehn@youtu.be,757-544-6041
637,Wyatan,Hebditch,whebditchho@fda.gov,337-353-0544
638,Saloma,McGrudder,smcgrudderhp@typepad.com,310-124-4249
639,Lindsay,Adamsky,ladamskyhq@dailymotion.com,146-869-2084
640,Heriberto,Blofeld,hblofeldhr@sogou.com,201-172-2711
641,Leese,Chamberlaine,lchamberlainehs@pbs.org,139-540-5790
642,Tiphany,Crehan,tcrehanht@ucoz.com,737-860-3196
643,Kurtis,Goodee,kgoodeehu@quantcast.com,521-744-3673
644,Lorin,Dinkin,ldinkinhv@ning.com,943-832-7273
645,Carmencita,Chaters,cchatershw@wordpress.com,351-267-3294
646,Jaine,Rubanenko,jrubanenkohx@house.gov,439-949-2900
647,Tammara,Woliter,twoliterhy@google.cn,716-160-8910
648,Saunderson,Deedes,sdeedeshz@imgur.com,501-623-9362
649,Sallyann,Grayland,sgraylandi0@abc.net.au,247-581-3571
650,Jimmy,Geaveny,jgeavenyi1@reference.com,412-299-0393
651,Valaria,Garner,vgarneri2@goodreads.com,971-970-2156
652,Julianna,Sambles,jsamblesi3@google.com,750-220-3551
653,Hannie,Vedekhov,hvedekhovi4@reuters.com,998-773-0781
654,Estrella,Berndt,eberndti5@pcworld.com,506-299-0656
655,Danita,Cowles,dcowlesi6@nps.gov,803-920-2055
656,Camille,Gendrich,cgendrichi7@youku.com,990-851-3540
657,Andriana,Jinks,ajinksi8@nba.com,488-189-6364
658,Harrietta,Sanday,hsandayi9@home.pl,157-365-8938
659,Kally,Drewitt,kdrewittia@washington.edu,817-286-1872
660,Zena,Pleasaunce,zpleasaunceib@over-blog.com,308-794-4653
661,Justis,Muzzullo,jmuzzulloic@yandex.ru,740-757-6693
662,Helenka,Shenley,hshenleyid@gravatar.com,640-816-5655
663,Bernie,Robez,brobezie@toplist.cz,734-660-7584
664,Vivia,Kidgell,vkidgellif@technorati.com,173-421-0283
665,Milt,Izhaky,mizhakyig@addthis.com,240-520-7289
666,Forrest,Rubinshtein,frubinshteinih@wisc.edu,914-917-0072
667,Lonny,Melmoth,lmelmothii@livejournal.com,531-533-8734
668,Angelo,Croucher,acroucherij@baidu.com,457-535-7713
669,Drugi,Tongue,dtongueik@webs.com,674-354-2356
670,Nari,Pardew,npardewil@ucsd.edu,824-866-8396
671,Mikaela,Behneke,mbehnekeim@google.ru,744-822-9927
672,Carlynn,Glawsop,cglawsopin@fastcompany.com,272-831-3127
673,Philipa,Kesten,pkestenio@gravatar.com,433-689-1391
674,Harrie,Mateescu,hmateescuip@ucoz.com,978-525-6643
675,Gabriell,Lyokhin,glyokhiniq@rambler.ru,859-410-8051
676,Porty,Schoales,pschoalesir@joomla.org,626-154-5961
677,Zebadiah,Dunbobbin,zdunbobbinis@redcross.org,992-355-7485
678,Zacharia,Banting,zbantingit@mapy.cz,626-305-9195
679,Iggy,Tooze,itoozeiu@fotki.com,943-358-1077
680,Stacy,Le Brom,slebromiv@networksolutions.com,535-732-2903
681,Roldan,Hocking,rhockingiw@moonfruit.com,586-618-5031
682,Berk,Lettice,bletticeix@go.com,771-419-7516
683,Gilligan,Vasyutin,gvasyutiniy@photobucket.com,886-937-5307
684,Art,Woolens,awoolensiz@360.cn,303-987-1594
685,Sol,McQuaide,smcquaidej0@time.com,680-985-4539
686,Miof mela,Smallshaw,msmallshawj1@google.co.uk,673-254-4731
687,Faith,Jonuzi,fjonuzij2@miitbeian.gov.cn,921-197-7136
688,Yvon,Kither,ykitherj3@latimes.com,971-588-9424
689,Leeanne,Darrington,ldarringtonj4@youtu.be,714-106-9036
690,Sharlene,Frankis,sfrankisj5@sbwire.com,766-395-0428
691,Dur,Rupp,druppj6@odnoklassniki.ru,310-203-9416
692,Rudy,Harrill,rharrillj7@skype.com,380-550-8081
693,Gnni,Godbolt,ggodboltj8@economist.com,435-456-7249
694,Emiline,Trimnell,etrimnellj9@flickr.com,758-597-5842
695,Maitilde,Dalliwatr,mdalliwatrja@google.it,671-584-8765
696,Duke,Disdel,ddisdeljb@state.gov,970-237-7206
697,Hubey,Grindlay,hgrindlayjc@kickstarter.com,309-810-6245
698,Sherry,Payne,spaynejd@google.nl,852-307-3130
699,Laurel,Bretherick,lbretherickje@reuters.com,249-643-9199
700,Ted,Caesmans,tcaesmansjf@cdc.gov,762-950-6143
701,Freddie,Samuel,fsamueljg@china.com.cn,947-946-7962
702,Yevette,Cluley,ycluleyjh@paginegialle.it,826-753-5285
703,Benson,Letertre,bletertreji@issuu.com,951-663-4068
704,Mariann,Sprulls,msprullsjj@wp.com,998-406-7381
705,Augustina,Kitter,akitterjk@biblegateway.com,307-787-6159
706,Hetty,Skentelbury,hskentelburyjl@desdev.cn,818-322-6858
707,Aube,Bantham,abanthamjm@alexa.com,536-772-3100
708,Roselin,Epgrave,repgravejn@nytimes.com,274-246-1830
709,Lira,Ibbetson,libbetsonjo@php.net,514-612-0544
710,Chiquita,O'Shiel,coshieljp@vkontakte.ru,592-501-9261
711,Carlene,Warboys,cwarboysjq@weebly.com,198-652-7059
712,Ginny,Looney,glooneyjr@cbsnews.com,439-279-7566
713,Janis,Kaubisch,jkaubischjs@wikimedia.org,138-519-1069
714,Aldis,Heibl,aheibljt@kickstarter.com,992-245-7331
715,Kelwin,Hewkin,khewkinju@bigcartel.com,189-916-0793
716,Jaclyn,Bettanay,jbettanayjv@nih.gov,661-195-2042
717,Edee,Ruby,erubyjw@ehow.com,287-355-0550
718,Justin,Maffeo,jmaffeojx@ft.com,162-983-5561
719,Artie,Hastewell,ahastewelljy@chicagotribune.com,264-647-2080
720,Rae,Satford,rsatfordjz@xinhuanet.com,376-849-1859
721,Montague,Markovich,mmarkovichk0@whitehouse.gov,541-819-7963
722,Udale,Hamlen,uhamlenk1@oakley.com,105-385-4544
723,Perice,Irce,pircek2@phpbb.com,251-343-9344
724,Kristina,Sarton,ksartonk3@themeforest.net,691-114-4078
725,Loria,Peatt,lpeattk4@addthis.com,242-244-5726
726,Waly,La Grange,wlagrangek5@blogtalkradio.com,920-890-1307
727,Betty,Rosbotham,brosbothamk6@bbb.org,473-237-2474
728,Mortimer,Davern,mdavernk7@ox.ac.uk,722-817-6384
729,Dorthy,Nend,dnendk8@blogspot.com,641-872-6476
730,Daune,Wathen,dwathenk9@php.net,322-300-2278
731,Shari,Muriel,smurielka@tripadvisor.com,991-259-1660
732,Dorothee,Beadon,dbeadonkb@about.me,626-237-3961
733,Kermy,Readshaw,kreadshawkc@senate.gov,846-725-6981
734,Milissent,Goss,mgosskd@angelfire.com,270-657-4374
735,Adlai,Mycroft,amycroftke@usatoday.com,658-500-4354
736,Ingra,Eddins,ieddinskf@goo.gl,499-485-1018
737,Velvet,Pedrollo,vpedrollokg@jugem.jp,242-409-1162
738,Josiah,Treleaven,jtreleavenkh@china.com.cn,756-387-1220
739,Brinna,Duerden,bduerdenki@census.gov,168-852-7372
740,Vincenty,Chaffyn,vchaffynkj@bravesites.com,712-897-1710
741,Faydra,Esseby,fessebykk@theguardian.com,402-508-2691
742,Davey,Minchinden,dminchindenkl@washingtonpost.com,627-754-8616
743,Orson,Spoors,ospoorskm@addtoany.com,271-772-6464
744,Neale,Warrilow,nwarrilowkn@webeden.co.uk,277-100-4455
745,Harold,Worstall,hworstallko@acquirethisname.com,153-847-1350
746,Early,Alenov,ealenovkp@smh.com.au,487-229-2056
747,Rudie,Barde,rbardekq@tamu.edu,939-506-1586
748,Roma,Peters,rpeterskr@hao123.com,553-292-0774
749,Emelyne,Lissandrini,elissandriniks@phpbb.com,566-434-6120
750,Nadia,Connold,nconnoldkt@tripadvisor.com,290-907-6425
751,Elita,Yearsley,eyearsleyku@a8.net,724-171-0552
752,Lambert,Hellyar,lhellyarkv@ucoz.com,205-506-6034
753,Marti,MacKill,mmackillkw@tripadvisor.com,674-794-1665
754,Letisha,Vitler,lvitlerkx@domainmarket.com,285-454-8986
755,Sigismondo,Abotson,sabotsonky@uol.com.br,727-306-1084
756,Natalee,Rozycki,nrozyckikz@soup.io,811-757-3744
757,Dominik,Petrecz,dpetreczl0@google.com,571-534-9991
758,Enid,Abrahams,eabrahamsl1@com.com,171-744-1069
759,Kelsy,Aurelius,kaureliusl2@slate.com,224-297-7852
760,Rita,Vescovini,rvescovinil3@wp.com,816-982-9161
761,Jehu,Bruniges,jbrunigesl4@cnbc.com,621-915-6444
762,Dollie,Thornewill,dthornewilll5@myspace.com,679-732-4723
763,Elora,Broadbere,ebroadberel6@constantcontact.com,266-856-2405
764,Trudie,Dominik,tdominikl7@cnet.com,860-147-4743
765,Jolyn,Scougall,jscougalll8@samsung.com,947-531-1092
766,Nahum,Casey,ncaseyl9@nature.com,426-947-0725
767,Stevena,Butterly,sbutterlyla@mit.edu,202-774-9165
768,Bronnie,Crowder,bcrowderlb@desdev.cn,440-237-6635
769,Clovis,Renner,crennerlc@rakuten.co.jp,859-154-8093
770,Hyacinthe,Lofts,hloftsld@ca.gov,520-729-7436
771,Lew,Martinson,lmartinsonle@house.gov,428-319-2183
772,Marlie,Sweetenham,msweetenhamlf@indiatimes.com,509-682-4002
773,Corrianne,Botley,cbotleylg@pcworld.com,336-848-2149
774,Elizabeth,Anmore,eanmorelh@un.org,789-603-1548
775,Deny,Chamberlain,dchamberlainli@google.it,533-392-1535
776,Odelinda,Coles,ocoleslj@digg.com,420-456-7758
777,Donnie,Ianson,diansonlk@cnet.com,355-271-1145
778,Ranee,Hesse,rhessell@mapy.cz,604-646-1373
779,Bron,Lafflin,blafflinlm@ocn.ne.jp,406-865-9967
780,Rosalinde,Ygo,rygoln@ebay.co.uk,495-680-6642
781,Charlotta,Meegan,cmeeganlo@sciencedaily.com,245-170-9799
782,Tonya,Bowskill,tbowskilllp@multiply.com,200-970-8452
783,Nomi,Blincowe,nblincowelq@ask.com,570-986-3073
784,Suellen,Keuning,skeuninglr@ycombinator.com,458-755-6233
785,Rachael,Spalton,rspaltonls@jiathis.com,459-714-7439
786,Solly,De la Harpe,sdelaharpelt@huffingtonpost.com,789-777-5728
787,Terrie,Stains,tstainslu@mapy.cz,775-774-4195
788,Hill,Klimentyev,hklimentyevlv@nifty.com,143-677-1127
789,Saraann,Swindon,sswindonlw@irs.gov,624-742-2155
790,Raye,Fortey,rforteylx@chronoengine.com,803-233-9905
791,Katina,Coan,kcoanly@dyndns.org,743-837-8800
792,Georgetta,Whitham,gwhithamlz@tamu.edu,756-149-8039
793,Timothy,Haimes,thaimesm0@ebay.com,693-318-0598
794,Flori,Doswell,fdoswellm1@sun.com,293-366-2256
795,Torry,McNeil,tmcneilm2@360.cn,307-754-3800
796,Ty,Lambersen,tlambersenm3@google.es,800-495-2559
797,Jenilee,Sparkwill,jsparkwillm4@sina.com.cn,374-710-8755
798,Jenelle,Rule,jrulem5@ucsd.edu,698-633-2272
799,Derril,O'Dea,dodeam6@skype.com,570-792-9149
800,Broddy,Showalter,bshowalterm7@house.gov,672-471-5505
801,Tommie,Lounds,tloundsm8@seattletimes.com,439-166-7226
802,Helene,Hillyatt,hhillyattm9@yahoo.com,937-200-4108
803,Huntlee,McGriffin,hmcgriffinma@cbc.ca,823-972-3447
804,Guntar,Sandbrook,gsandbrookmb@illinois.edu,909-315-7836
805,Kaycee,Eastwell,keastwellmc@toplist.cz,454-690-6109
806,Sher,Dreghorn,sdreghornmd@hatena.ne.jp,613-307-6757
807,Norry,Heaseman,nheasemanme@ning.com,330-868-0704
808,Karena,O'Hern,kohernmf@reddit.com,959-201-1714
809,Maryjo,Andell,mandellmg@slate.com,211-173-9334
810,Aloysius,MacChaell,amacchaellmh@nhs.uk,821-727-0622
811,Obidiah,Mc Caughan,omccaughanmi@networkadvertising.org,870-938-2323
812,Eydie,Kringe,ekringemj@si.edu,404-934-5015
813,Audrie,Bowser,abowsermk@eventbrite.com,605-256-5891
814,Darb,Wauchope,dwauchopeml@dot.gov,560-720-7739
815,Berke,Langworthy,blangworthymm@businessweek.com,511-768-6351
816,Leeanne,Konert,lkonertmn@cbc.ca,338-339-0539
817,Muffin,Pyatt,mpyattmo@pcworld.com,516-325-1838
818,Ansell,Fensome,afensomemp@blogs.com,277-159-9127
819,Nissa,Kingsman,nkingsmanmq@ehow.com,675-520-0231
820,Gawen,Batteson,gbattesonmr@ezinearticles.com,526-986-5533
821,Roma,Proger,rprogerms@bloglovin.com,734-631-5694
822,Martita,Jouannin,mjouanninmt@dell.com,153-894-4007
823,Gay,Fealty,gfealtymu@elpais.com,118-552-2552
824,Trudy,Dolton,tdoltonmv@reference.com,703-759-4914
825,Gerri,Moules,gmoulesmw@xing.com,170-308-0961
826,Kore,Blakden,kblakdenmx@umn.edu,622-321-0153
827,Lamond,Caldera,lcalderamy@squidoo.com,225-263-2119
828,Bernete,Darlington,bdarlingtonmz@ocn.ne.jp,785-820-0377
829,Karlene,Cazalet,kcazaletn0@scribd.com,903-881-1377
830,Nicola,Adney,nadneyn1@omniture.com,207-235-4638
831,Kirsti,Putman,kputmann2@amazon.co.jp,148-476-7593
832,Aurelie,Ryley,aryleyn3@google.co.uk,542-123-1640
833,Tandie,Eicke,teicken4@paginegialle.it,907-554-4663
834,Dacy,Tethcote,dtethcoten5@columbia.edu,481-455-3977
835,Emilee,Starbucke,estarbucken6@w3.org,323-623-6821
836,Pam,Sumbler,psumblern7@jiathis.com,894-431-6470
837,Irma,Elcy,ielcyn8@nifty.com,489-677-4101
838,Adela,Stitch,astitchn9@pagesperso-orange.fr,708-213-8997
839,Jennie,Roddell,jroddellna@samsung.com,677-339-3679
840,Heda,Jursch,hjurschnb@netlog.com,396-391-9826
841,Caroljean,Sale,csalenc@google.cn,517-172-5856
842,Raf,Fellos,rfellosnd@so-net.ne.jp,397-871-7802
843,Laurens,Cahalin,lcahalinne@yale.edu,343-400-8643
844,Granville,Kirimaa,gkirimaanf@flickr.com,605-746-8000
845,Appolonia,Kenset,akensetng@wired.com,588-520-1927
846,Kerk,Steaning,ksteaningnh@lycos.com,361-885-7795
847,Elita,Simnett,esimnettni@theglobeandmail.com,152-483-1894
848,Trish,McFie,tmcfienj@netscape.com,887-840-7432
849,Camel,Matzke,cmatzkenk@pbs.org,417-829-2829
850,Ashley,Crouse,acrousenl@yandex.ru,676-718-5165
851,Nolly,Pendreigh,npendreighnm@whitehouse.gov,995-565-7657
852,Shurlock,Nursey,snurseynn@alexa.com,873-994-3074
853,Ofella,Goodread,ogoodreadno@amazon.co.uk,132-427-2150
854,Kali,Krammer,kkrammernp@hhs.gov,366-885-7414
855,Karney,Clementel,kclementelnq@timesonline.co.uk,996-259-8535
856,Mendy,Penke,mpenkenr@spiegel.de,554-489-6317
857,Dagmar,Jiggle,djigglens@nsw.gov.au,167-759-5702
858,Griswold,Axworthy,gaxworthynt@desdev.cn,737-166-3294
859,See,Gauson,sgausonnu@yolasite.com,512-973-0689
860,Morry,McCunn,mmccunnnv@smh.com.au,915-402-7439
861,Lynnea,Ramalho,lramalhonw@sogou.com,601-811-6961
862,Dulciana,Scruby,dscrubynx@soundcloud.com,210-864-2911
863,Pennie,O'Doogan,podooganny@nature.com,524-925-6371
864,Petunia,McTeer,pmcteernz@house.gov,987-303-2782
865,Will,Densun,wdensuno0@homestead.com,992-923-1672
866,Morse,Toon,mtoono1@whitehouse.gov,893-792-1067
867,Ernesta,Broxis,ebroxiso2@nih.gov,372-225-2190
868,Arlina,Rosenblatt,arosenblatto3@squarespace.com,804-803-3622
869,Quinta,McCutheon,qmccutheono4@4shared.com,238-937-4701
870,Kort,Renneke,krennekeo5@twitter.com,691-283-6885
871,Giselbert,Waller-Bridge,gwallerbridgeo6@ed.gov,279-564-7816
872,Roshelle,Blowing,rblowingo7@census.gov,192-924-1850
873,Sauncho,Giffaut,sgiffauto8@moonfruit.com,721-191-0136
874,Garv,Whodcoat,gwhodcoato9@discuz.net,451-345-0617
875,Jeramie,Bamblett,jbamblettoa@yellowpages.com,983-741-2089
876,Benedikta,Crosson,bcrossonob@state.gov,422-693-8224
877,Alyss,Vahey,avaheyoc@theatlantic.com,736-257-6952
878,Renata,Beaze,rbeazeod@nba.com,624-479-7740
879,Lorne,Maundrell,lmaundrelloe@hibu.com,940-275-5801
880,Claudetta,Gregoire,cgregoireof@yale.edu,807-601-7115
881,Ysabel,Lourenco,ylourencoog@domainmarket.com,957-400-0160
882,Ryan,Abramowitz,rabramowitzoh@jiathis.com,218-409-3593
883,Grete,Gontier,ggontieroi@ustream.tv,808-420-9637
884,Loretta,Thirst,lthirstoj@aol.com,841-297-5041
885,Caleb,Omrod,comrodok@dagondesign.com,661-198-7731
886,Marje,Culcheth,mculchethol@addthis.com,917-499-6169
887,Alia,Clarricoates,aclarricoatesom@wisc.edu,956-104-3558
888,Giacobo,Learmonth,glearmonthon@admin.ch,164-171-3687
889,Humfried,Warrender,hwarrenderoo@youtube.com,388-270-9149
890,Nita,Spencelayh,nspencelayhop@dagondesign.com,756-890-2735
891,Hortense,Gierke,hgierkeoq@techcrunch.com,465-786-2015
892,Ally,Hordell,ahordellor@linkedin.com,422-421-8029
893,Antoine,Camacke,acamackeos@uol.com.br,480-993-9183
894,Akim,Chadney,achadneyot@sfgate.com,878-128-0570
895,Rosabelle,Du Plantier,rduplantierou@yolasite.com,259-172-3660
896,Denni,Huske,dhuskeov@1und1.de,400-424-7640
897,Cathrine,Cardo,ccardoow@reference.com,590-889-2638
898,Amery,Jacob,ajacobox@symantec.com,904-484-3555
899,Gail,Meller,gmelleroy@accuweather.com,282-930-4850
900,Kimberlyn,Leupold,kleupoldoz@purevolume.com,263-572-9720
901,Devi,Dacey,ddaceyp0@yolasite.com,183-341-2747
902,Thia,Beacock,tbeacockp1@nih.gov,716-127-6857
903,Brynne,Week,bweekp2@pinterest.com,976-135-3492
904,Rita,Havill,rhavillp3@ucoz.ru,797-191-5356
905,Alfons,Jeffcoat,ajeffcoatp4@howstuffworks.com,513-688-0511
906,Alyse,Furphy,afurphyp5@godaddy.com,138-666-3680
907,Charla,Wedge,cwedgep6@mashable.com,588-976-7639
908,Lalo,Zaple,lzaplep7@unc.edu,126-780-3889
909,Lari,Baggelley,lbaggelleyp8@vinaora.com,476-103-3480
910,Shellie,Rignall,srignallp9@yandex.ru,373-565-8967
911,Jedediah,De Maria,jdemariapa@jiathis.com,215-999-3286
912,Valdemar,Pettyfar,vpettyfarpb@wordpress.org,437-791-9540
913,Ilise,Shucksmith,ishucksmithpc@reddit.com,179-857-5617
914,Orazio,Lynnitt,olynnittpd@chronoengine.com,812-557-9820
915,Jammie,Glover,jgloverpe@wikia.com,619-753-2687
916,Dorian,Morigan,dmoriganpf@clickbank.net,144-533-3065
917,Inga,Dukes,idukespg@geocities.com,443-583-8227
918,Abran,Hubbert,ahubbertph@pagesperso-orange.fr,143-270-2755
919,Lulu,Uvedale,luvedalepi@netlog.com,979-154-5670
920,Torrin,Dammarell,tdammarellpj@state.gov,683-184-3051
921,Darryl,Runsey,drunseypk@cmu.edu,536-951-7414
922,Blake,Arguile,barguilepl@sciencedaily.com,243-144-9159
923,Hamlen,Thrower,hthrowerpm@amazon.co.uk,429-861-5923
924,Brand,Vatini,bvatinipn@4shared.com,106-343-8764
925,Kerianne,Bent,kbentpo@google.fr,406-388-9730
926,Audrye,Withrop,awithroppp@list-manage.com,129-748-7021
927,Frans,Raddish,fraddishpq@patch.com,898-444-5000
928,Morgen,Humbey,mhumbeypr@163.com,605-287-9518
929,Nathalie,Gutch,ngutchps@admin.ch,624-217-4244
930,Maryanne,Parsisson,mparsissonpt@cdbaby.com,436-459-8417
931,Mella,Dinsdale,mdinsdalepu@istockphoto.com,944-661-7257
932,Dex,Nieass,dnieasspv@sitemeter.com,135-398-8605
933,Jerrie,Wieprecht,jwieprechtpw@stumbleupon.com,324-651-1917
934,Francklyn,Slateford,fslatefordpx@usgs.gov,746-905-6223
935,Cassondra,McClifferty,cmccliffertypy@cafepress.com,183-623-7557
936,Constantino,Nickless,cnicklesspz@cisco.com,131-662-4143
937,Yolane,Brandom,ybrandomq0@techcrunch.com,237-266-6057
938,Basil,MacGilfoyle,bmacgilfoyleq1@discuz.net,904-232-4723
939,William,D'Antoni,wdantoniq2@accuweather.com,972-906-9377
940,Melba,Nolin,mnolinq3@artisteer.com,326-509-7126
941,Simonette,Humby,shumbyq4@canalblog.com,254-466-5112
942,Cleon,Bullent,cbullentq5@myspace.com,895-535-3091
943,Weidar,Euplate,weuplateq6@shinystat.com,548-676-7041
944,Vladamir,Lydford,vlydfordq7@chronoengine.com,935-131-4117
945,Cherey,Sorbie,csorbieq8@hud.gov,970-170-3838
946,Corene,Lassen,classenq9@jiathis.com,423-427-1598
947,Crosby,Facey,cfaceyqa@dot.gov,343-940-5187
948,Virginie,Cordingley,vcordingleyqb@pcworld.com,985-511-1026
949,Nell,Seery,nseeryqc@joomla.org,129-712-4381
950,Selina,Cassell,scassellqd@hao123.com,367-463-4876
951,Keriann,Vye,kvyeqe@europa.eu,865-412-9493
952,Issy,Colliard,icolliardqf@qq.com,238-569-7127
953,Percy,Fleg,pflegqg@google.com,120-463-7123
954,Gray,Husher,ghusherqh@theatlantic.com,259-774-2839
955,Thornton,Bruno,tbrunoqi@bizjournals.com,722-593-8458
956,Hakim,Rohfsen,hrohfsenqj@hibu.com,550-630-4060
957,Malynda,Cheshir,mcheshirqk@biblegateway.com,857-762-6044
958,Valentino,Foy,vfoyql@stumbleupon.com,693-756-9637
959,Sansone,Drescher,sdrescherqm@surveymonkey.com,288-904-7637
960,Maritsa,Lifsey,mlifseyqn@imageshack.us,898-833-8520
961,Elana,Stealfox,estealfoxqo@disqus.com,291-164-5585
962,Ainslie,Skule,askuleqp@squarespace.com,778-525-9512
963,Raye,Livingstone,rlivingstoneqq@hibu.com,642-530-9695
964,Jinny,Myhill,jmyhillqr@boston.com,350-812-4983
965,Claudell,Todd,ctoddqs@people.com.cn,712-366-4476
966,Xenos,Wallington,xwallingtonqt@japanpost.jp,610-661-7289
967,Farly,Stefanovic,fstefanovicqu@oracle.com,633-630-8674
968,Den,Weadick,dweadickqv@sogou.com,181-244-8332
969,Curtis,Stollhofer,cstollhoferqw@examiner.com,369-842-5608
970,Lonnie,Dobby,ldobbyqx@mtv.com,969-795-7398
971,Quinta,Birkwood,qbirkwoodqy@github.io,489-947-0894
972,Tobye,Hulett,thulettqz@meetup.com,645-354-6843
973,Kirbee,Warton,kwartonr0@wsj.com,262-125-0336
974,Frederic,Ivanikov,fivanikovr1@ow.ly,232-519-4111
975,Dolly,Addison,daddisonr2@microsoft.com,429-148-7968
976,Althea,Fricker,africkerr3@canalblog.com,709-892-7862
977,Tod,Ahlf,tahlfr4@moonfruit.com,288-505-8113
978,Benedikta,Haggarth,bhaggarthr5@360.cn,678-209-7313
979,Vaughan,Parram,vparramr6@reverbnation.com,201-294-4739
980,Dore,Ledwitch,dledwitchr7@icq.com,280-447-9762
981,Abran,Mabey,amabeyr8@dot.gov,399-747-7705
982,Bernhard,Wrankmore,bwrankmorer9@answers.com,363-971-4123
983,Kary,Gambie,kgambiera@constantcontact.com,651-839-7530
984,Nancey,Lensch,nlenschrb@dell.com,259-458-0757
985,Dorian,Drache,ddracherc@newsvine.com,221-438-7411
986,Wilma,Bamlett,wbamlettrd@exblog.jp,498-721-5867
987,Rozina,McCahey,rmccaheyre@ezinearticles.com,885-325-1584
988,Juieta,Steagall,jsteagallrf@sciencedaily.com,803-812-9887
989,Smitty,Ronald,sronaldrg@purevolume.com,795-501-9840
990,Lia,Shilliday,lshillidayrh@senate.gov,973-380-2510
991,Ardisj,Stelli,astelliri@hibu.com,572-277-3076
992,Creigh,Jays,cjaysrj@fotki.com,563-443-8675
993,Tatiania,Bartosik,tbartosikrk@loc.gov,365-896-2880
994,Saba,Yakunchikov,syakunchikovrl@boston.com,785-486-3479
995,Mellie,Matusson,mmatussonrm@hp.com,256-185-1493
996,Ki,Gibbonson,kgibbonsonrn@cornell.edu,770-287-7172
997,Janel,Causier,jcausierro@disqus.com,155-289-5216
998,Korry,Maith,kmaithrp@dagondesign.com,197-898-9466
999,Ketti,Beauchop,kbeauchoprq@marketwatch.com,602-288-0655
1000,Karoly,Caccavari,kcaccavarirr@upenn.edu,337-472-8163
